productivity_id,worker_id,timestamp,task_completed,hours_worked,efficiency_score,idle_time
8001,8837,2023-11-06 01:09:05,Psychotherapist,6.43,78.84,2.41
8002,8408,2023-01-17 08:42:05,"Research officer, trade union",11.85,74.25,0.36
8003,8770,2021-07-19 22:50:59,Dietitian,9.02,71.29,2.23
8004,8965,2022-02-05 09:52:29,Air broker,5.68,72.78,0.84
8005,8063,2024-01-04 21:31:33,"Conservator, museum/gallery",4.88,99.81,0.64
8006,8396,2020-08-25 20:10:23,"Chemist, analytical",2.91,64.49,0.76
8007,8262,2024-05-16 05:40:40,Armed forces technical officer,11.03,87.7,1.74
8008,8353,2023-08-06 14:18:32,Forensic scientist,6.98,65.77,2.13
8009,8086,2021-06-08 07:01:52,Ship broker,1.9,80.58,2.88
8010,8840,2023-01-04 07:56:12,Call centre manager,10.47,73.15,1.17
8011,8147,2024-09-06 00:12:44,Printmaker,10.46,63.44,2.14
8012,8506,2023-01-22 17:55:15,Patent attorney,10.54,93.76,2.22
8013,8780,2022-07-31 00:18:07,"Surveyor, land/geomatics",6.78,97.27,2.45
8014,8482,2023-06-11 05:08:34,"Therapist, drama",9.41,89.31,2.23
8015,8111,2024-04-01 07:00:35,"Therapist, nutritional",7.75,68.23,0.98
8016,8189,2023-04-10 14:36:58,Hospital doctor,3.34,83.25,2.62
8017,8137,2022-10-12 21:56:02,"Engineer, agricultural",3.06,63.69,1.39
8018,8050,2022-11-05 15:21:19,Counselling psychologist,7.96,84.37,0.39
8019,8675,2020-01-05 17:30:25,Risk analyst,8.09,97.59,2.55
8020,8321,2021-04-13 18:32:26,"Loss adjuster, chartered",9.71,87.48,0.26
8021,8942,2023-02-12 09:45:14,Materials engineer,10.48,93.88,0.18
8022,8811,2022-12-01 23:49:35,"Production designer, theatre/television/film",11.67,99.49,2.58
8023,8386,2022-01-02 01:21:07,Medical sales representative,11.6,66.52,0.74
8024,8467,2021-05-13 13:20:21,Museum/gallery exhibitions officer,11.81,85.18,2.5
8025,8637,2022-04-07 05:15:58,Jewellery designer,10.07,84.73,2.99
8026,8529,2021-03-13 08:09:16,Naval architect,2.61,74.43,0.56
8027,8116,2024-05-14 03:10:20,"Conservator, museum/gallery",4.99,66.01,2.49
8028,8186,2022-07-19 18:11:52,"Conservation officer, nature",4.17,72.0,1.37
8029,8949,2024-11-02 16:38:57,Horticultural consultant,2.82,94.48,0.9
8030,8048,2024-03-21 23:54:30,Publishing copy,7.5,60.19,2.14
8031,8610,2021-02-21 08:38:35,Soil scientist,10.62,94.1,1.77
8032,8928,2021-06-18 06:23:53,Bookseller,2.8,72.28,1.26
8033,8343,2020-11-15 00:51:08,Forensic scientist,6.54,78.23,2.23
8034,8643,2022-09-21 11:35:34,Office manager,8.6,64.36,1.65
8035,8710,2023-06-19 22:19:36,Tourist information centre manager,11.95,93.32,2.15
8036,8966,2020-08-11 19:22:32,Advertising account executive,1.71,80.45,0.19
8037,8781,2023-09-26 04:44:30,Garment/textile technologist,1.22,99.06,1.34
8038,8156,2023-01-28 17:38:53,"Restaurant manager, fast food",2.76,75.76,2.03
8039,8424,2024-09-21 22:52:04,Warden/ranger,5.99,98.34,0.66
8040,8792,2022-08-02 13:07:07,Tourist information centre manager,11.66,95.58,1.05
8041,8416,2023-10-18 04:18:44,Clinical research associate,5.88,67.11,1.91
8042,8832,2020-08-03 07:15:04,Analytical chemist,10.73,84.2,2.64
8043,8208,2024-04-22 10:11:35,Recycling officer,7.07,62.97,2.27
8044,8696,2021-12-17 12:01:02,Neurosurgeon,1.75,92.24,2.22
8045,8444,2021-01-29 23:29:03,Bonds trader,3.66,71.01,2.33
8046,8236,2024-04-03 04:13:30,"Scientist, biomedical",7.46,65.46,2.43
8047,8253,2024-08-23 19:10:20,Museum education officer,9.4,96.53,1.17
8048,8252,2020-10-07 13:41:54,"Lighting technician, broadcasting/film/video",11.22,78.63,1.05
8049,8701,2020-01-11 06:45:00,Psychiatrist,1.72,90.88,1.84
8050,8540,2023-06-01 11:21:08,Higher education lecturer,3.39,83.42,1.97
8051,8994,2023-08-18 05:15:28,Passenger transport manager,6.81,73.29,1.52
8052,8831,2022-10-28 04:39:42,Colour technologist,8.11,72.64,0.48
8053,8989,2020-01-12 06:26:44,Corporate treasurer,6.88,87.83,2.48
8054,8368,2024-10-11 15:30:25,"Lecturer, further education",2.49,99.51,1.06
8055,8762,2020-12-31 07:28:10,"Scientist, research (physical sciences)",5.09,89.2,0.83
8056,8774,2020-12-24 04:44:59,Patent attorney,9.82,70.04,0.14
8057,8920,2023-03-21 23:16:48,Senior tax professional/tax inspector,5.53,93.55,0.94
8058,8447,2021-03-04 11:44:43,Civil Service fast streamer,11.86,97.34,1.08
8059,8107,2024-04-08 13:33:03,Occupational therapist,2.59,85.44,0.38
8060,8841,2020-07-14 07:07:15,"Administrator, arts",3.16,71.12,1.43
8061,8597,2022-03-17 19:29:26,Printmaker,3.81,65.49,1.65
8062,8213,2024-01-13 00:45:56,Public house manager,3.61,68.1,1.98
8063,8745,2021-04-20 06:57:07,"Surveyor, rural practice",2.3,92.69,0.15
8064,8168,2023-05-06 08:13:38,"Psychologist, counselling",6.29,92.7,2.81
8065,8286,2023-07-24 20:20:50,Armed forces operational officer,11.3,93.26,0.04
8066,8937,2023-03-20 07:05:03,"Doctor, general practice",10.57,67.04,2.16
8067,8700,2023-09-15 21:11:20,Air traffic controller,6.79,80.64,1.16
8068,8274,2024-01-27 03:32:16,Banker,6.5,99.62,2.33
8069,8172,2024-09-24 22:10:44,Site engineer,10.16,88.04,2.02
8070,8976,2020-09-06 23:07:33,Warehouse manager,6.79,70.19,0.44
8071,8104,2020-09-14 14:08:59,Sports coach,8.47,79.68,0.66
8072,8619,2020-03-30 04:17:07,Occupational hygienist,11.74,94.03,2.17
8073,8296,2021-05-26 15:26:11,Agricultural engineer,4.11,98.96,0.95
8074,8608,2024-08-03 11:10:48,Telecommunications researcher,3.44,83.75,2.07
8075,8933,2022-03-04 03:16:11,Pension scheme manager,8.64,94.0,1.37
8076,8927,2020-07-30 13:49:11,"Surveyor, planning and development",6.6,89.4,2.94
8077,8585,2021-06-01 16:05:53,Acupuncturist,6.09,96.52,2.05
8078,8045,2023-12-28 13:37:31,Media planner,2.94,90.28,1.48
8079,8046,2023-11-07 18:06:32,Oceanographer,7.52,95.13,2.95
8080,8049,2023-10-08 09:33:29,Physiological scientist,4.09,89.22,1.5
8081,8668,2020-08-04 06:38:38,Commercial horticulturist,1.51,65.56,2.07
8082,8955,2024-10-11 02:30:12,Research scientist (medical),5.9,96.41,1.76
8083,8564,2023-02-09 03:46:59,Waste management officer,9.9,90.26,0.67
8084,8370,2023-03-20 10:03:33,Mudlogger,10.14,82.43,1.29
8085,8609,2024-08-01 20:31:27,Air broker,9.39,99.97,2.95
8086,8769,2021-10-05 14:05:53,"Geologist, engineering",11.11,91.51,2.15
8087,8280,2023-08-15 04:27:57,Sports administrator,9.17,63.81,1.27
8088,8406,2024-07-31 10:52:11,Solicitor,2.13,69.95,0.29
8089,8914,2023-10-14 08:05:35,Medical technical officer,11.75,67.01,0.91
8090,8288,2022-07-08 01:25:49,"Scientist, marine",8.49,72.89,2.85
8091,8522,2021-10-23 13:08:53,Stage manager,9.49,84.08,0.56
8092,8816,2023-06-14 05:14:28,Air cabin crew,8.12,70.92,0.22
8093,8466,2021-11-04 19:29:14,Ship broker,8.48,84.76,2.52
8094,8767,2022-09-14 19:14:36,Politician's assistant,7.39,94.59,1.63
8095,8244,2021-02-28 11:59:13,Armed forces technical officer,1.35,89.38,1.19
8096,8293,2021-05-05 14:29:07,"Psychologist, counselling",2.25,79.35,0.75
8097,8261,2023-10-16 23:24:07,"Designer, exhibition/display",4.29,96.83,1.34
8098,8743,2020-02-29 10:18:50,Tree surgeon,9.28,97.87,1.66
8099,8346,2022-07-23 09:39:45,Media buyer,5.73,81.61,2.96
8100,8121,2024-07-23 10:29:28,"Surveyor, rural practice",3.67,89.6,1.15
8101,8391,2024-01-13 14:43:57,Pensions consultant,6.11,67.66,2.58
8102,8640,2020-06-25 18:31:05,Airline pilot,2.41,79.98,1.64
8103,8606,2020-06-08 03:09:46,Manufacturing engineer,3.19,86.22,0.16
8104,8400,2023-10-13 00:46:17,Seismic interpreter,3.21,95.05,0.86
8105,8530,2021-12-31 13:41:09,Merchant navy officer,4.36,94.75,0.49
8106,8179,2020-05-20 01:38:48,"Surveyor, rural practice",9.61,82.89,1.81
8107,8511,2023-11-13 07:47:30,Water quality scientist,7.91,81.45,2.38
8108,8716,2023-02-12 02:34:10,Industrial buyer,9.72,94.23,0.61
8109,8221,2024-06-13 16:04:47,Armed forces technical officer,10.76,77.38,1.59
8110,8274,2022-08-08 05:23:03,"Engineer, electronics",10.51,65.78,1.35
8111,8244,2020-06-18 08:37:10,Event organiser,11.98,73.72,0.53
8112,8217,2020-04-01 23:25:37,Learning disability nurse,2.94,99.63,2.51
8113,8478,2023-02-09 04:24:55,"Engineer, structural",1.08,89.68,1.92
8114,8883,2020-01-01 14:15:46,Community education officer,8.19,63.44,1.79
8115,8267,2023-03-21 08:36:25,Futures trader,6.56,61.46,2.56
8116,8016,2023-02-08 00:43:41,Aeronautical engineer,11.71,94.46,2.47
8117,8488,2022-06-28 10:32:49,Water engineer,9.16,96.67,2.83
8118,8676,2021-09-17 08:37:47,Television floor manager,7.49,96.66,1.17
8119,8054,2023-01-22 19:42:32,Artist,1.97,77.12,1.92
8120,8215,2023-09-19 20:13:24,Bonds trader,5.79,87.7,1.61
8121,8497,2021-11-13 07:31:38,Health promotion specialist,6.72,84.28,0.16
8122,8592,2023-05-16 12:00:40,"Physicist, medical",9.59,65.09,1.7
8123,8072,2021-08-19 03:53:37,"Civil engineer, contracting",5.4,65.31,0.89
8124,8834,2022-04-24 12:52:24,Dance movement psychotherapist,3.91,76.33,1.81
8125,8153,2020-06-03 09:03:37,Catering manager,2.63,70.77,2.14
8126,8698,2020-12-07 15:22:22,"Production designer, theatre/television/film",4.54,65.85,1.41
8127,8380,2023-01-03 02:58:22,"Editor, magazine features",7.8,67.59,2.98
8128,8573,2021-06-01 16:39:58,Curator,6.21,71.59,0.08
8129,8683,2023-03-31 21:53:12,Pensions consultant,1.61,91.26,2.16
8130,8655,2021-10-19 09:40:52,Bonds trader,4.4,96.7,1.32
8131,8918,2022-01-21 09:04:07,"Administrator, local government",11.46,91.95,2.78
8132,8513,2022-03-14 13:37:31,Social researcher,4.23,82.51,0.6
8133,8730,2024-07-03 00:35:06,Magazine features editor,7.62,68.11,0.42
8134,8611,2023-05-11 11:47:18,Glass blower/designer,9.11,75.52,2.75
8135,8640,2022-01-01 07:05:07,Risk analyst,1.93,97.77,0.03
8136,8094,2022-03-23 14:35:55,Operational investment banker,8.78,66.56,0.55
8137,8233,2021-01-11 13:02:13,Commissioning editor,3.69,71.26,1.8
8138,8370,2023-01-08 23:15:45,Occupational psychologist,5.92,65.75,0.15
8139,8043,2021-04-23 15:04:50,"Research officer, political party",5.32,83.38,0.85
8140,8633,2022-05-25 00:45:50,Town planner,5.69,83.63,1.2
8141,8533,2021-04-07 20:48:58,"Surveyor, land/geomatics",2.74,93.69,0.54
8142,8252,2021-02-18 02:44:36,"Pharmacist, hospital",1.3,79.17,2.01
8143,8649,2020-07-28 10:24:08,"Surveyor, building",11.43,64.46,2.61
8144,8847,2020-02-22 01:18:54,Armed forces operational officer,1.12,86.29,0.7
8145,8100,2022-03-30 10:39:27,Soil scientist,5.71,94.52,2.46
8146,8506,2023-08-20 20:02:44,Forensic psychologist,7.76,70.27,0.54
8147,8668,2021-09-21 06:31:27,Comptroller,8.4,95.82,0.59
8148,8376,2021-03-11 11:56:36,Proofreader,4.3,79.26,2.95
8149,8121,2021-10-30 06:36:44,Biomedical scientist,10.77,78.5,0.0
8150,8304,2021-05-16 11:47:00,Architectural technologist,2.03,84.37,1.02
8151,8591,2022-12-11 17:53:57,Television floor manager,4.98,99.89,1.28
8152,8074,2024-11-01 07:19:37,Clinical cytogeneticist,7.5,79.04,0.89
8153,8788,2024-03-23 15:15:36,Information systems manager,1.71,65.85,1.8
8154,8069,2021-07-24 18:49:12,Hotel manager,6.07,95.86,2.38
8155,8801,2020-07-23 22:05:39,Acupuncturist,4.58,92.32,1.13
8156,8888,2021-12-19 23:14:52,Equality and diversity officer,11.47,98.83,2.07
8157,8688,2021-07-07 17:44:14,Community education officer,2.62,90.6,1.44
8158,8911,2022-05-05 18:17:45,Health physicist,3.05,85.49,2.28
8159,8212,2022-07-19 04:49:09,Illustrator,2.87,68.39,2.8
8160,8952,2022-10-23 22:23:58,"Psychologist, educational",5.17,79.79,0.82
8161,8144,2020-07-13 13:20:44,Operations geologist,8.18,79.01,2.68
8162,8165,2024-05-15 14:24:28,"Engineer, energy",9.23,84.01,2.74
8163,8955,2022-12-28 05:33:42,Tourism officer,5.16,66.25,0.93
8164,8482,2022-12-22 08:16:21,Lobbyist,9.3,93.5,1.25
8165,8915,2023-01-05 10:35:55,Plant breeder/geneticist,7.06,95.36,1.1
8166,8606,2022-01-19 20:08:47,Podiatrist,8.95,66.12,1.59
8167,8565,2022-07-06 18:34:46,"Engineer, automotive",3.16,70.43,2.28
8168,8242,2020-12-23 16:54:31,Chief Financial Officer,5.74,80.31,2.14
8169,8091,2024-04-26 20:39:38,Actor,2.65,82.88,2.75
8170,8311,2020-01-13 22:46:40,Land,10.04,89.48,0.13
8171,8288,2020-09-03 16:04:09,Industrial buyer,4.91,74.38,0.14
8172,8725,2023-07-06 09:13:06,Dramatherapist,1.36,72.36,1.57
8173,8658,2022-11-09 17:45:34,Translator,7.79,92.14,0.46
8174,8135,2020-11-01 18:54:45,Commercial horticulturist,1.42,66.64,0.9
8175,8810,2021-11-15 02:44:43,"Surveyor, rural practice",6.59,72.5,1.32
8176,8330,2023-10-29 09:09:57,Chartered legal executive (England and Wales),9.67,61.17,2.23
8177,8853,2023-07-08 23:11:17,Museum/gallery conservator,9.62,98.52,3.0
8178,8661,2021-04-13 08:23:36,Building surveyor,8.09,72.64,1.73
8179,8484,2021-06-29 00:56:03,Clinical cytogeneticist,9.87,98.31,0.68
8180,8691,2021-09-22 12:57:35,Ship broker,7.03,96.02,2.01
8181,8394,2022-03-02 02:23:53,"Lighting technician, broadcasting/film/video",8.15,99.4,1.26
8182,8271,2021-07-21 19:44:50,Film/video editor,6.95,98.97,2.03
8183,8962,2024-06-09 03:29:26,Industrial/product designer,10.15,69.73,0.94
8184,8104,2020-10-02 03:41:43,Dealer,11.18,98.31,0.97
8185,8722,2020-09-13 03:12:14,"Therapist, art",1.17,73.49,2.13
8186,8852,2022-01-18 04:21:46,Radio broadcast assistant,5.08,72.95,1.01
8187,8326,2023-04-09 17:03:17,Haematologist,9.81,97.74,1.02
8188,8445,2022-11-08 07:56:29,Television production assistant,6.99,89.85,2.64
8189,8533,2024-05-23 01:01:42,Data scientist,4.51,98.42,1.03
8190,8534,2020-01-30 02:52:44,"Production assistant, television",3.56,67.72,1.86
8191,8750,2023-09-15 16:09:02,Conference centre manager,1.11,94.61,1.27
8192,8690,2020-02-12 03:44:40,Pensions consultant,5.85,63.48,2.78
8193,8555,2023-12-18 20:55:30,Actuary,1.48,73.17,2.93
8194,8335,2023-12-31 11:20:46,Broadcast presenter,4.64,87.08,2.17
8195,8490,2024-04-29 07:09:32,Volunteer coordinator,4.35,62.77,2.42
8196,8830,2020-06-24 07:54:46,Colour technologist,4.31,82.41,0.56
8197,8947,2024-10-02 15:52:00,"Solicitor, Scotland",3.49,62.53,0.29
8198,8536,2021-09-11 00:38:56,Geoscientist,1.79,64.94,2.79
8199,8938,2023-01-24 09:02:16,"Engineer, maintenance",5.96,76.67,2.12
8200,8897,2021-10-24 01:03:21,Diagnostic radiographer,3.79,97.26,0.95
8201,8802,2020-08-18 21:06:55,Housing manager/officer,1.09,88.0,2.59
8202,8392,2023-11-14 16:07:13,Town planner,4.2,61.21,1.88
8203,8367,2024-01-02 10:14:33,Contractor,7.91,75.47,1.26
8204,8715,2023-06-12 08:05:07,General practice doctor,8.02,96.55,2.3
8205,8653,2023-02-09 20:34:28,Lexicographer,3.86,68.95,0.6
8206,8502,2024-03-22 00:14:57,"Conservation officer, historic buildings",7.71,87.28,0.86
8207,8340,2023-03-15 13:46:52,Cabin crew,7.65,75.56,2.32
8208,8010,2024-09-19 04:49:25,Art therapist,11.72,86.74,0.65
8209,8306,2023-01-12 18:27:14,Product designer,6.32,90.4,2.17
8210,8064,2021-02-07 09:15:41,Investment analyst,1.41,98.81,2.81
8211,8722,2020-05-10 04:46:04,"Sound technician, broadcasting/film/video",7.61,85.64,1.9
8212,8982,2023-07-26 12:57:22,Product designer,10.32,73.08,1.86
8213,8919,2024-06-22 17:08:43,"Designer, television/film set",4.24,60.4,0.29
8214,8233,2022-11-15 13:16:34,"Librarian, academic",1.0,93.79,1.96
8215,8222,2023-11-16 17:48:20,"Teacher, music",9.1,75.62,1.79
8216,8274,2023-05-12 08:57:36,Editorial assistant,8.01,81.45,1.5
8217,8237,2021-03-25 23:33:44,Civil Service fast streamer,2.1,89.59,2.2
8218,8255,2023-08-31 23:26:32,Energy engineer,2.78,84.66,1.4
8219,8988,2024-08-03 13:20:43,English as a second language teacher,8.85,90.43,1.47
8220,8984,2021-01-13 12:23:43,"Surveyor, land/geomatics",1.12,91.77,1.68
8221,8402,2024-01-03 16:28:09,Social worker,5.19,81.72,1.98
8222,8767,2021-04-23 20:15:56,"Psychologist, forensic",4.14,75.71,0.08
8223,8383,2020-04-27 16:40:52,Research scientist (physical sciences),10.86,65.81,2.51
8224,8604,2021-03-19 23:12:41,Soil scientist,4.65,67.97,0.14
8225,8587,2022-09-12 14:13:53,English as a foreign language teacher,8.35,82.37,1.28
8226,8913,2021-06-04 22:41:09,"Engineer, agricultural",6.5,94.13,2.73
8227,8966,2021-05-20 10:27:15,Commissioning editor,1.73,88.61,0.4
8228,8053,2020-09-29 08:39:13,"Engineer, communications",2.35,97.38,1.63
8229,8253,2020-03-23 22:01:39,Research scientist (maths),9.7,95.93,2.67
8230,8784,2023-12-21 01:36:19,"Therapist, music",11.74,66.4,2.32
8231,8542,2020-10-17 00:43:31,Outdoor activities/education manager,10.91,61.86,1.59
8232,8936,2021-05-03 18:51:10,"Surveyor, hydrographic",10.5,96.71,0.97
8233,8267,2022-09-10 18:06:52,Musician,5.01,70.72,1.57
8234,8520,2024-01-23 17:58:13,Call centre manager,3.66,92.3,1.98
8235,8331,2021-10-21 03:48:53,Barista,10.99,75.78,0.41
8236,8542,2022-08-27 23:55:34,"Engineer, technical sales",4.35,73.98,1.34
8237,8371,2020-03-04 19:44:30,Radio broadcast assistant,5.72,87.45,1.33
8238,8672,2023-10-22 16:06:02,Chartered loss adjuster,11.79,75.69,0.7
8239,8430,2021-03-10 21:43:05,Lexicographer,3.93,94.47,1.16
8240,8683,2021-05-06 14:47:12,Marine scientist,6.32,89.06,0.46
8241,8359,2024-01-11 06:59:51,Clothing/textile technologist,5.82,68.34,0.94
8242,8242,2024-03-06 03:28:41,Set designer,3.41,68.9,0.59
8243,8053,2023-08-06 00:22:14,Community education officer,3.32,89.0,0.96
8244,8221,2021-08-13 14:12:11,"Surveyor, rural practice",6.96,93.24,1.23
8245,8135,2021-06-13 12:35:37,Control and instrumentation engineer,1.45,94.99,0.71
8246,8098,2021-04-18 19:36:23,Research scientist (maths),7.4,99.54,1.35
8247,8019,2022-10-03 05:13:47,Fisheries officer,9.22,86.96,0.09
8248,8877,2021-09-24 20:17:20,"Teacher, special educational needs",11.48,68.91,1.41
8249,8369,2022-06-23 16:28:20,Fitness centre manager,5.9,85.09,1.29
8250,8075,2020-11-23 08:08:39,"Designer, fashion/clothing",4.48,95.95,2.78
8251,8218,2021-12-11 13:30:19,Biomedical scientist,3.11,80.92,0.63
8252,8029,2020-10-12 07:16:31,Agricultural consultant,2.92,98.01,0.71
8253,8366,2022-12-24 04:20:35,Quantity surveyor,7.17,80.13,1.41
8254,8640,2020-09-22 19:28:29,Architect,9.85,82.98,2.3
8255,8179,2024-04-08 08:34:44,Forest/woodland manager,3.61,74.56,0.71
8256,8701,2022-07-28 15:23:24,Scientific laboratory technician,2.2,62.74,0.63
8257,8415,2020-10-19 15:31:52,Engineering geologist,5.27,80.43,2.85
8258,8314,2020-04-09 12:44:51,Health and safety adviser,3.33,78.68,0.76
8259,8619,2021-10-12 16:08:55,Drilling engineer,8.57,62.33,2.91
8260,8369,2023-12-10 15:36:09,"Programmer, systems",7.32,91.9,0.27
8261,8033,2022-01-08 21:07:11,Herpetologist,3.27,71.79,0.92
8262,8288,2021-01-23 23:07:35,Psychotherapist,8.4,96.9,1.27
8263,8106,2022-11-25 15:56:48,Hydrologist,6.01,74.77,0.43
8264,8148,2022-06-04 17:48:37,Commercial/residential surveyor,3.52,96.89,0.68
8265,8562,2021-11-08 15:47:54,Local government officer,11.72,96.41,2.92
8266,8937,2022-06-07 01:07:01,Psychiatrist,3.04,81.04,1.48
8267,8668,2024-07-16 11:24:45,"Development worker, international aid",5.25,60.52,0.37
8268,8615,2022-09-09 02:30:37,Health visitor,1.92,65.31,2.91
8269,8052,2023-01-27 01:13:38,"Scientist, research (life sciences)",10.92,74.11,1.67
8270,8720,2020-08-09 06:52:43,Product/process development scientist,1.4,93.87,2.53
8271,8074,2021-11-17 10:53:06,"Therapist, drama",5.97,89.46,1.35
8272,8794,2021-02-25 03:11:35,Retail merchandiser,11.33,62.53,0.02
8273,8283,2024-03-12 02:48:17,Communications engineer,11.16,82.9,2.79
8274,8592,2024-05-25 08:34:17,"Surveyor, building",3.1,66.86,1.97
8275,8490,2020-04-25 11:05:11,"Teacher, special educational needs",1.97,74.5,1.47
8276,8551,2021-09-08 05:54:46,"Accountant, chartered",11.07,83.74,1.04
8277,8968,2020-03-13 21:32:31,Museum/gallery conservator,10.54,62.24,2.63
8278,8725,2020-05-24 12:24:48,"Conservation officer, historic buildings",9.61,87.31,2.54
8279,8059,2021-03-19 10:24:03,Education administrator,1.16,82.38,0.33
8280,8452,2024-06-04 08:09:47,Educational psychologist,3.73,71.24,1.4
8281,8852,2023-09-21 00:02:14,Pensions consultant,2.73,79.77,0.6
8282,8159,2020-11-05 01:23:44,"Education officer, museum",7.78,82.47,2.68
8283,8595,2022-10-07 01:34:20,"Buyer, industrial",10.87,71.03,1.88
8284,8819,2023-08-24 14:00:31,"Engineer, materials",3.3,60.01,1.88
8285,8111,2022-11-11 03:19:08,Senior tax professional/tax inspector,8.12,71.35,0.95
8286,8344,2020-07-25 03:59:29,"Copywriter, advertising",9.06,91.86,1.69
8287,8619,2022-08-22 05:49:18,"Conservator, furniture",11.05,78.04,0.4
8288,8355,2020-02-26 11:41:18,Exhibition designer,5.57,68.69,2.58
8289,8161,2022-01-22 03:16:59,Dance movement psychotherapist,6.38,92.76,1.99
8290,8983,2022-12-16 21:58:47,Office manager,1.74,86.37,0.17
8291,8542,2021-03-24 15:36:05,Museum/gallery conservator,11.32,94.83,2.32
8292,8165,2023-04-13 15:44:05,Public relations account executive,10.48,78.53,2.38
8293,8744,2021-06-01 20:38:23,Biomedical engineer,5.67,79.76,0.37
8294,8430,2024-08-06 16:59:18,Contractor,7.29,60.79,0.73
8295,8925,2021-07-01 20:13:43,Pharmacologist,10.22,63.53,2.27
8296,8309,2024-07-05 21:28:09,Community arts worker,8.2,83.58,2.12
8297,8577,2021-07-11 18:11:54,Ship broker,4.8,88.14,1.05
8298,8074,2023-08-24 05:53:57,Conference centre manager,7.84,99.09,2.65
8299,8664,2022-07-30 05:17:10,Theme park manager,5.73,73.75,1.96
8300,8619,2020-05-12 05:37:27,Scientific laboratory technician,11.12,76.02,0.43
8301,8742,2023-05-21 17:20:43,Chief Technology Officer,5.11,62.6,0.89
8302,8860,2022-04-23 01:06:43,"Administrator, Civil Service",11.58,73.99,0.43
8303,8337,2024-08-17 22:58:32,Publishing rights manager,11.58,82.03,2.84
8304,8989,2022-10-28 06:49:48,Financial planner,2.67,61.66,0.26
8305,8166,2021-10-09 04:20:16,Psychiatric nurse,3.61,79.01,1.54
8306,8266,2022-11-27 01:07:00,"Journalist, newspaper",1.74,77.36,1.74
8307,8667,2020-04-02 19:25:22,TEFL teacher,4.63,62.9,1.18
8308,8530,2022-11-16 11:51:25,Dance movement psychotherapist,2.93,62.74,2.73
8309,8380,2023-02-02 03:11:02,"Secretary, company",11.1,63.52,1.43
8310,8103,2024-07-10 09:41:10,"Engineer, control and instrumentation",1.41,91.45,1.12
8311,8334,2020-09-30 12:17:33,"Journalist, newspaper",9.05,77.79,2.68
8312,8409,2022-01-12 06:01:13,Editorial assistant,1.83,96.62,1.74
8313,8170,2022-08-08 18:47:08,Glass blower/designer,2.32,75.49,1.94
8314,8924,2024-06-21 07:21:31,Illustrator,11.94,73.42,2.9
8315,8836,2023-11-01 06:33:58,"Engineer, agricultural",7.09,82.91,1.64
8316,8539,2020-09-19 03:05:54,Police officer,10.76,99.04,2.28
8317,8396,2023-03-18 04:39:48,Patent attorney,1.92,86.78,2.39
8318,8602,2021-12-12 17:54:41,"Therapist, sports",6.38,75.03,2.57
8319,8249,2023-08-23 22:40:50,Advertising account executive,7.13,72.35,0.61
8320,8602,2021-10-29 13:10:59,"Designer, television/film set",2.48,85.53,0.16
8321,8468,2022-06-11 22:16:22,Osteopath,3.36,61.94,1.55
8322,8243,2024-02-26 23:33:41,Immunologist,11.38,68.0,2.33
8323,8429,2024-08-06 17:18:11,Location manager,10.49,97.04,2.42
8324,8200,2021-01-03 09:06:49,Media planner,1.57,76.32,1.69
8325,8687,2021-01-30 20:21:05,Research scientist (physical sciences),7.69,93.91,1.02
8326,8103,2023-12-02 15:59:30,"Production assistant, television",8.64,73.43,0.98
8327,8787,2021-11-10 13:52:12,Insurance claims handler,8.98,78.22,2.3
8328,8310,2024-08-09 01:58:52,Community arts worker,4.4,78.78,2.35
8329,8107,2021-07-15 13:06:35,"Geologist, engineering",4.28,79.67,2.6
8330,8382,2023-06-01 00:34:50,Chartered loss adjuster,7.42,82.31,2.94
8331,8183,2022-09-16 01:51:52,Museum education officer,2.89,80.65,1.45
8332,8663,2020-06-10 07:12:23,"Exhibitions officer, museum/gallery",8.54,89.41,0.78
8333,8789,2024-06-26 17:20:44,Commercial/residential surveyor,10.29,67.41,0.57
8334,8687,2023-12-25 15:14:56,Secondary school teacher,6.83,78.06,2.32
8335,8983,2024-05-12 05:52:53,Consulting civil engineer,7.05,81.02,1.08
8336,8151,2023-03-24 16:06:26,"Therapist, horticultural",2.0,84.84,2.24
8337,8835,2021-12-06 02:44:33,Magazine journalist,1.8,65.19,1.93
8338,8967,2021-03-19 03:07:16,"Teacher, secondary school",9.17,73.92,1.39
8339,8319,2022-07-08 15:25:52,"Teacher, English as a foreign language",3.52,72.28,1.34
8340,8940,2023-11-20 06:27:56,Social worker,9.29,82.19,1.04
8341,8111,2024-11-01 18:08:19,Armed forces training and education officer,4.22,68.59,1.92
8342,8461,2022-08-30 11:00:19,Operational investment banker,9.83,90.9,2.14
8343,8184,2021-05-02 23:11:17,Chief of Staff,2.61,99.3,1.31
8344,8849,2024-10-18 00:07:19,Electrical engineer,6.65,97.37,0.05
8345,8299,2021-06-26 07:03:14,"Producer, television/film/video",2.34,92.84,1.54
8346,8523,2023-11-13 23:35:32,Proofreader,7.52,69.95,1.33
8347,8221,2021-08-04 11:31:00,Economist,2.6,69.73,0.28
8348,8441,2022-01-31 00:12:07,"Surveyor, rural practice",5.2,99.61,0.21
8349,8232,2021-07-02 03:41:16,Horticultural therapist,11.89,98.85,2.71
8350,8767,2022-07-09 00:32:36,Orthoptist,7.79,68.91,2.4
8351,8466,2022-02-15 23:57:18,"Teacher, primary school",4.45,80.75,0.69
8352,8340,2020-02-02 23:52:53,Government social research officer,3.12,68.83,1.63
8353,8248,2023-05-06 15:44:43,"Engineer, biomedical",8.18,62.38,2.18
8354,8167,2021-05-28 03:08:55,"Buyer, industrial",1.38,82.71,0.74
8355,8643,2020-01-19 15:20:33,Radio broadcast assistant,5.8,69.38,0.87
8356,8338,2022-10-26 06:55:49,Manufacturing systems engineer,5.02,86.83,0.66
8357,8289,2024-10-31 16:20:51,"Programme researcher, broadcasting/film/video",3.41,81.7,2.87
8358,8354,2023-02-13 14:29:26,Associate Professor,1.86,78.78,2.14
8359,8231,2023-11-14 15:11:00,Graphic designer,11.96,89.81,0.57
8360,8992,2022-07-14 01:15:11,Government social research officer,6.59,98.3,2.4
8361,8198,2020-12-18 02:12:51,Environmental consultant,3.87,65.49,0.4
8362,8056,2022-05-13 08:56:56,Environmental health practitioner,8.8,85.04,0.99
8363,8246,2022-11-13 05:31:08,Building services engineer,5.42,84.93,1.93
8364,8181,2020-12-31 16:34:29,Armed forces technical officer,8.82,96.1,2.92
8365,8149,2021-09-01 04:51:16,Magazine journalist,1.6,78.0,1.37
8366,8102,2022-12-04 03:08:29,Warden/ranger,10.25,62.0,2.96
8367,8236,2023-03-08 08:58:23,Biomedical engineer,2.84,93.16,2.77
8368,8503,2020-09-13 04:41:43,"Scientist, product/process development",11.14,74.54,0.9
8369,8634,2022-09-13 12:06:24,Broadcast journalist,2.86,84.17,1.03
8370,8658,2022-09-07 02:38:07,"Designer, exhibition/display",2.45,74.53,1.83
8371,8457,2024-01-15 23:53:43,Hospital doctor,8.85,69.94,1.69
8372,8572,2020-05-20 20:06:53,"Conservation officer, nature",4.07,81.28,1.83
8373,8723,2021-10-22 22:02:23,"Scientist, clinical (histocompatibility and immunogenetics)",3.5,74.27,1.23
8374,8701,2020-02-22 05:37:35,Commercial/residential surveyor,3.94,81.66,1.37
8375,8589,2023-04-01 22:01:02,"Loss adjuster, chartered",11.67,66.26,0.66
8376,8148,2020-08-20 19:40:39,Government social research officer,4.0,82.13,1.48
8377,8163,2021-01-29 21:39:54,Veterinary surgeon,7.69,81.1,2.57
8378,8091,2023-07-31 15:39:59,Environmental manager,7.79,91.72,1.2
8379,8554,2024-07-10 09:48:41,Housing manager/officer,9.35,95.99,1.95
8380,8679,2024-10-06 03:22:31,Dealer,8.31,76.51,0.59
8381,8639,2022-11-15 18:20:49,"Engineer, electronics",8.96,78.67,1.07
8382,8905,2022-01-17 00:23:24,Consulting civil engineer,5.48,68.44,0.9
8383,8378,2024-10-16 06:15:45,Graphic designer,10.97,91.63,1.95
8384,8148,2022-11-10 22:07:54,Television camera operator,7.72,73.64,1.14
8385,8387,2023-12-19 14:07:49,Legal executive,3.62,62.92,0.53
8386,8228,2023-03-03 12:53:00,Information officer,3.36,81.98,0.79
8387,8939,2022-01-15 15:00:22,Fast food restaurant manager,9.88,81.03,1.86
8388,8094,2020-10-20 15:27:51,Sports administrator,1.7,92.73,0.73
8389,8167,2020-03-24 00:40:43,Intelligence analyst,7.13,99.09,2.97
8390,8400,2020-05-20 11:36:41,Contracting civil engineer,4.06,98.96,0.84
8391,8690,2020-08-24 18:17:17,"Teacher, early years/pre",2.3,99.95,0.8
8392,8567,2023-10-09 05:31:29,Commercial art gallery manager,1.26,83.88,1.06
8393,8976,2023-05-07 07:21:27,"Conservation officer, nature",2.81,74.48,1.99
8394,8823,2021-04-29 17:50:51,Barrister's clerk,3.94,60.53,0.99
8395,8868,2024-07-30 13:21:36,"Accountant, chartered",4.86,62.33,2.18
8396,8594,2024-02-27 03:51:21,Hotel manager,9.1,85.78,2.1
8397,8136,2023-06-17 00:08:48,Social researcher,5.0,86.77,0.31
8398,8900,2024-03-07 06:49:28,Statistician,6.2,66.73,0.71
8399,8442,2024-02-16 05:06:17,Product manager,7.44,98.52,1.81
8400,8780,2023-06-13 22:00:43,Industrial buyer,4.21,83.54,0.97
8401,8765,2021-03-28 22:57:14,Dietitian,11.71,98.24,1.48
8402,8802,2024-05-17 10:05:19,Web designer,2.55,75.86,2.75
8403,8641,2020-03-11 15:09:46,Field trials officer,5.59,97.04,2.6
8404,8507,2024-07-07 13:42:07,Facilities manager,6.15,73.04,0.69
8405,8133,2020-09-06 07:49:25,Furniture conservator/restorer,9.1,97.86,2.45
8406,8614,2020-02-28 21:07:50,Museum/gallery conservator,11.5,82.68,1.86
8407,8929,2021-03-21 02:18:47,Farm manager,11.99,72.62,0.12
8408,8315,2020-04-21 10:42:12,Minerals surveyor,9.11,68.74,0.99
8409,8048,2021-09-18 13:58:55,Careers information officer,10.83,83.69,2.9
8410,8415,2020-03-20 03:56:44,"Programme researcher, broadcasting/film/video",2.02,70.34,2.44
8411,8023,2021-06-10 18:08:09,Quality manager,6.69,68.83,1.36
8412,8024,2023-04-17 16:09:32,Telecommunications researcher,2.44,84.83,1.54
8413,8535,2023-02-02 03:34:05,Advice worker,11.32,80.29,1.92
8414,8598,2021-09-19 23:44:07,Community pharmacist,10.95,87.05,2.33
8415,8277,2021-05-04 22:04:15,Architect,7.44,86.71,0.91
8416,8597,2023-03-12 13:17:08,Publishing rights manager,11.17,97.11,1.06
8417,8014,2023-10-17 08:07:28,"Buyer, retail",2.48,82.78,0.5
8418,8127,2021-01-12 22:39:37,Set designer,4.89,73.82,1.98
8419,8519,2022-09-14 06:30:37,"Programme researcher, broadcasting/film/video",11.33,84.0,1.92
8420,8488,2022-03-28 11:50:38,Gaffer,9.99,60.56,0.94
8421,8732,2024-08-14 01:25:40,Legal secretary,7.82,83.64,1.9
8422,8455,2024-10-05 03:36:57,Jewellery designer,1.94,95.72,2.53
8423,8381,2024-01-15 07:00:22,Chartered loss adjuster,5.68,86.88,2.46
8424,8830,2021-07-29 01:06:02,Land/geomatics surveyor,7.35,94.65,2.47
8425,8540,2024-04-27 20:31:51,Cartographer,4.3,95.36,2.51
8426,8464,2022-09-25 11:14:37,Early years teacher,4.12,99.39,0.87
8427,8473,2020-12-18 23:18:50,"Administrator, education",4.16,60.93,0.44
8428,8482,2022-03-14 23:08:14,Music therapist,10.68,99.47,0.65
8429,8201,2020-02-21 20:47:07,Primary school teacher,2.87,97.99,2.57
8430,8944,2022-08-14 03:08:46,Public relations officer,9.14,95.54,1.1
8431,8856,2021-08-15 00:58:51,"Designer, exhibition/display",10.98,92.12,1.23
8432,8061,2023-11-01 10:24:25,Animal technologist,4.71,93.93,1.47
8433,8311,2023-06-07 15:01:35,Insurance account manager,9.11,92.66,1.25
8434,8658,2024-02-01 21:41:14,Systems analyst,6.05,83.29,0.68
8435,8278,2022-07-26 10:14:00,Rural practice surveyor,3.1,79.52,1.04
8436,8528,2022-06-10 03:42:51,"Nurse, learning disability",8.32,63.3,1.02
8437,8280,2021-02-18 14:51:55,Public relations officer,7.32,73.04,2.19
8438,8247,2022-09-23 00:05:51,Seismic interpreter,4.13,95.91,0.68
8439,8180,2020-11-12 01:14:48,"Therapist, music",5.54,69.64,0.51
8440,8576,2023-02-27 01:43:14,"Solicitor, Scotland",10.69,62.58,0.36
8441,8289,2021-04-05 21:40:16,"Producer, television/film/video",2.76,95.81,0.23
8442,8235,2023-04-18 18:04:18,Facilities manager,3.17,96.56,2.12
8443,8212,2022-04-20 12:09:12,Secretary/administrator,7.66,69.13,2.84
8444,8315,2024-10-20 20:26:28,Media buyer,10.04,98.18,1.88
8445,8106,2020-02-29 21:23:34,Fast food restaurant manager,1.17,68.58,1.98
8446,8715,2022-09-28 04:44:56,"Designer, textile",7.57,65.78,1.34
8447,8404,2023-12-28 08:26:50,"Pilot, airline",4.96,74.57,2.95
8448,8667,2021-04-28 05:51:58,Colour technologist,9.24,93.21,0.59
8449,8947,2023-05-29 18:28:27,Equality and diversity officer,2.33,86.62,2.02
8450,8534,2024-01-16 09:52:14,Market researcher,2.1,79.6,1.75
8451,8047,2020-09-11 22:14:25,Engineering geologist,11.35,83.24,2.56
8452,8783,2023-12-19 07:04:56,Health and safety inspector,11.38,73.92,0.31
8453,8856,2020-08-13 08:26:09,Operational investment banker,11.51,90.23,0.41
8454,8770,2020-10-15 05:46:36,"Pharmacist, community",4.98,68.53,0.44
8455,8201,2024-02-15 13:12:22,Software engineer,8.36,67.43,0.81
8456,8320,2022-01-01 10:32:00,Advertising account executive,2.43,99.88,0.47
8457,8622,2020-11-14 01:08:19,Geoscientist,11.76,94.65,2.75
8458,8793,2023-08-12 08:46:41,Computer games developer,4.9,60.66,1.83
8459,8218,2024-02-15 08:28:47,Regulatory affairs officer,10.96,68.97,1.38
8460,8202,2020-06-18 01:15:10,Health service manager,1.99,89.66,2.4
8461,8695,2023-05-01 01:50:08,"Engineer, maintenance (IT)",8.11,61.28,1.94
8462,8359,2024-08-21 19:58:55,Company secretary,2.05,63.35,1.37
8463,8310,2022-08-26 04:55:49,Dancer,11.95,89.43,1.13
8464,8240,2022-09-25 10:05:17,Chief of Staff,5.41,98.31,0.65
8465,8250,2022-06-13 04:45:25,Industrial buyer,1.89,80.25,2.91
8466,8803,2020-10-03 23:00:50,Industrial/product designer,6.88,99.94,0.76
8467,8826,2022-06-18 09:34:14,"Nurse, mental health",6.37,93.13,2.81
8468,8493,2022-01-02 06:36:01,Technical brewer,10.02,68.96,1.53
8469,8780,2023-12-04 23:27:22,Planning and development surveyor,11.62,80.42,2.74
8470,8031,2021-04-30 05:20:32,Water quality scientist,2.78,68.41,1.14
8471,8721,2021-07-12 16:38:45,"Pilot, airline",8.85,67.0,0.69
8472,8783,2023-10-06 04:22:08,Electronics engineer,11.42,74.66,0.13
8473,8811,2023-06-22 08:14:52,"Lecturer, higher education",1.25,86.72,0.5
8474,8370,2021-11-27 01:52:05,Quarry manager,8.19,94.76,1.39
8475,8424,2023-01-27 17:58:16,Broadcast engineer,10.57,66.23,1.82
8476,8901,2020-05-10 17:21:31,Tourism officer,7.74,87.92,2.53
8477,8272,2021-03-14 02:31:29,"Surveyor, land/geomatics",10.52,89.42,0.48
8478,8714,2022-05-01 01:09:18,Race relations officer,2.11,68.34,1.59
8479,8749,2020-03-29 06:15:24,Tourism officer,7.17,91.6,0.55
8480,8416,2020-11-10 03:28:20,Sales executive,9.23,78.45,1.57
8481,8896,2023-10-31 09:44:23,Forensic psychologist,9.48,86.19,0.71
8482,8427,2022-09-25 10:31:48,"Physicist, medical",3.49,85.92,1.53
8483,8035,2024-10-06 19:13:32,"Research officer, political party",5.82,60.57,1.09
8484,8087,2020-01-13 04:37:51,"Pharmacist, hospital",1.32,82.07,0.15
8485,8846,2021-04-06 13:26:07,Further education lecturer,4.82,60.31,2.34
8486,8296,2020-08-10 12:26:14,"Psychologist, clinical",1.8,68.25,2.86
8487,8481,2023-10-28 03:31:50,Brewing technologist,4.35,85.4,0.63
8488,8093,2022-06-17 04:01:40,Pensions consultant,6.92,69.57,2.38
8489,8871,2022-12-27 02:12:46,Retail manager,9.0,69.1,1.11
8490,8534,2022-04-15 08:55:56,Technical sales engineer,9.33,71.76,1.14
8491,8378,2021-11-29 23:34:03,"Sales professional, IT",4.16,78.44,1.4
8492,8672,2024-08-15 16:05:50,"Engineer, energy",8.79,75.53,0.31
8493,8440,2021-06-09 12:55:15,"Psychologist, prison and probation services",9.47,77.42,1.94
8494,8317,2024-05-10 12:52:04,Local government officer,7.19,73.38,2.82
8495,8221,2021-01-28 14:29:44,Patent examiner,6.62,90.81,0.43
8496,8145,2024-10-07 15:39:21,Product designer,6.33,73.77,2.07
8497,8292,2024-08-27 06:36:15,Technical brewer,4.67,98.12,0.23
8498,8300,2023-10-07 11:55:41,Advertising account executive,5.43,99.84,1.01
8499,8505,2022-01-18 01:29:02,Ecologist,5.56,70.64,1.1
8500,8061,2021-08-24 23:19:01,Adult nurse,10.51,68.79,2.61
8501,8832,2022-06-23 04:39:44,Armed forces training and education officer,10.94,84.71,0.0
8502,8806,2022-07-24 05:23:21,Psychiatrist,3.74,94.46,1.9
8503,8200,2020-06-22 11:12:06,Tree surgeon,3.33,80.62,2.65
8504,8291,2024-02-21 03:26:54,"Engineer, materials",9.54,89.26,0.87
8505,8273,2021-02-27 00:44:50,Broadcast engineer,7.21,79.66,2.31
8506,8170,2023-05-09 07:13:46,Industrial/product designer,2.46,67.45,2.54
8507,8759,2022-11-29 12:10:02,Actor,4.25,67.87,0.75
8508,8911,2023-06-22 15:33:45,Trade union research officer,11.28,81.02,1.68
8509,8819,2021-06-20 13:20:39,"Journalist, newspaper",7.92,63.57,0.3
8510,8409,2020-08-20 22:56:57,Chemical engineer,3.28,79.22,1.88
8511,8758,2022-02-06 13:36:14,Chartered loss adjuster,10.78,65.49,2.86
8512,8090,2024-04-17 09:13:14,"Therapist, nutritional",6.38,69.07,1.07
8513,8882,2021-04-18 06:04:18,Geophysical data processor,11.84,91.65,1.15
8514,8537,2020-07-20 10:39:27,"Teacher, early years/pre",4.1,61.38,0.72
8515,8814,2020-03-07 03:27:02,"Lighting technician, broadcasting/film/video",11.14,90.63,0.94
8516,8869,2024-05-10 11:12:42,Arts development officer,11.41,93.89,2.67
8517,8950,2021-01-26 18:14:49,Writer,8.85,99.69,2.18
8518,8062,2020-03-26 03:46:07,Astronomer,2.4,78.15,2.18
8519,8636,2022-06-28 17:25:27,Field trials officer,5.73,68.92,1.39
8520,8671,2024-02-07 21:47:51,Chief Marketing Officer,11.41,76.27,0.16
8521,8802,2022-04-05 13:16:58,Company secretary,6.49,71.31,2.33
8522,8838,2020-02-19 12:08:57,Logistics and distribution manager,2.01,80.43,0.78
8523,8151,2021-09-16 18:25:53,"Education officer, community",1.94,67.82,1.63
8524,8425,2023-01-29 05:03:58,"Radiographer, diagnostic",6.63,85.76,1.12
8525,8051,2023-07-01 02:30:33,Newspaper journalist,9.34,89.87,0.89
8526,8649,2022-05-19 05:12:52,"Engineer, broadcasting (operations)",6.16,77.41,2.1
8527,8626,2024-04-22 13:55:32,Training and development officer,9.15,75.35,2.96
8528,8139,2023-01-28 13:00:13,"Administrator, arts",10.79,67.31,0.38
8529,8070,2022-02-16 07:27:00,"Accountant, chartered management",5.77,94.42,1.43
8530,8917,2023-01-07 20:50:43,Transport planner,2.33,77.84,2.41
8531,8299,2020-01-24 09:40:18,Animal nutritionist,9.55,95.0,2.47
8532,8202,2023-06-04 02:55:50,Pension scheme manager,1.0,73.41,0.41
8533,8513,2021-07-04 13:29:42,Information systems manager,1.87,70.56,1.2
8534,8397,2023-06-01 11:41:31,Retail buyer,9.68,66.64,0.68
8535,8684,2021-07-15 10:59:04,"Nurse, children's",3.41,62.06,0.15
8536,8064,2022-08-02 13:56:23,Agricultural engineer,3.41,69.91,1.75
8537,8248,2020-02-18 17:06:27,Medical physicist,2.67,86.65,0.62
8538,8741,2022-09-19 19:21:02,Ceramics designer,6.63,78.05,2.72
8539,8586,2021-03-19 16:56:13,Exercise physiologist,8.85,84.38,0.01
8540,8384,2022-10-18 00:17:03,Health physicist,2.03,75.9,1.99
8541,8575,2021-05-16 14:49:12,Animal technologist,11.55,79.09,1.37
8542,8188,2022-04-08 04:28:25,Art gallery manager,9.06,61.78,0.41
8543,8757,2024-05-03 09:08:22,"Surveyor, land/geomatics",1.79,72.24,1.15
8544,8267,2024-02-09 16:41:10,"Pilot, airline",10.97,73.46,1.08
8545,8199,2020-01-15 18:25:05,Counselling psychologist,1.86,88.18,2.35
8546,8825,2022-10-29 21:51:16,"Geneticist, molecular",3.82,90.9,1.94
8547,8501,2024-08-23 13:08:37,Sports therapist,10.14,93.02,0.38
8548,8517,2022-10-28 15:59:19,Ambulance person,9.68,76.63,2.67
8549,8939,2021-11-05 16:42:40,Camera operator,9.96,94.59,0.89
8550,8425,2022-04-27 10:11:50,Systems analyst,11.56,95.79,2.4
8551,8473,2023-07-11 08:52:47,Sports development officer,10.84,99.96,1.39
8552,8336,2022-03-23 03:05:52,Recruitment consultant,10.12,64.28,1.08
8553,8602,2024-04-04 23:12:08,Counsellor,6.35,69.33,2.03
8554,8371,2023-11-23 12:59:26,Cytogeneticist,11.27,82.69,1.23
8555,8193,2020-10-04 18:25:37,Archivist,4.26,72.43,2.96
8556,8763,2020-03-21 18:08:54,Bookseller,4.8,76.5,0.1
8557,8597,2023-12-25 02:09:24,Herpetologist,1.93,87.07,0.47
8558,8424,2023-05-13 00:04:26,Operations geologist,9.68,97.07,1.44
8559,8243,2021-06-03 00:55:00,"Programmer, multimedia",3.42,70.12,2.98
8560,8164,2024-08-07 12:37:25,"Scientist, audiological",1.88,93.55,2.92
8561,8349,2022-01-17 10:45:03,Prison officer,8.48,71.0,2.52
8562,8462,2023-08-18 15:14:53,Hotel manager,7.4,68.66,2.27
8563,8984,2023-02-24 12:49:23,Aeronautical engineer,10.65,63.77,0.6
8564,8540,2020-03-07 21:47:32,Immunologist,1.34,95.18,1.35
8565,8471,2022-08-22 16:43:40,"Merchandiser, retail",5.5,81.25,1.1
8566,8341,2022-03-24 13:34:43,Company secretary,11.67,79.62,1.71
8567,8356,2023-07-12 23:44:06,Insurance claims handler,4.68,74.96,1.44
8568,8725,2021-09-30 03:28:39,Event organiser,4.9,91.92,0.6
8569,8568,2022-11-16 13:10:22,Neurosurgeon,10.07,90.33,2.65
8570,8262,2021-02-09 09:59:31,"Psychologist, forensic",2.23,91.91,2.14
8571,8446,2022-02-26 15:13:44,Licensed conveyancer,9.99,91.2,2.77
8572,8342,2023-01-10 05:46:27,Metallurgist,1.57,70.89,0.06
8573,8362,2022-04-13 07:46:25,"Teacher, English as a foreign language",4.66,66.06,0.07
8574,9000,2020-04-20 23:18:48,"Journalist, broadcasting",3.68,77.03,2.62
8575,8861,2021-01-24 10:07:10,Web designer,9.84,65.46,2.21
8576,8131,2023-06-24 01:36:17,Environmental manager,4.01,68.59,0.4
8577,8550,2021-11-23 00:54:30,Clinical embryologist,9.39,78.7,2.6
8578,8558,2022-10-18 08:44:57,Planning and development surveyor,4.65,79.52,1.21
8579,8883,2021-10-30 15:14:17,Advertising copywriter,5.87,72.23,0.71
8580,8827,2024-09-23 01:10:03,Senior tax professional/tax inspector,11.11,88.01,1.07
8581,8327,2024-03-19 14:57:42,Art therapist,10.95,91.49,2.45
8582,8719,2020-07-17 16:53:32,"Psychologist, occupational",7.69,98.0,0.64
8583,8890,2024-01-06 20:26:06,Records manager,11.7,90.81,2.83
8584,8339,2020-07-11 14:20:47,Futures trader,2.84,84.07,2.15
8585,8420,2022-08-20 15:41:29,Manufacturing systems engineer,9.34,61.34,1.45
8586,8745,2020-10-03 19:57:03,Veterinary surgeon,10.39,70.08,2.68
8587,8361,2024-02-22 19:43:19,Special educational needs teacher,5.22,66.87,2.71
8588,8662,2023-07-10 12:22:31,Occupational therapist,4.14,93.78,1.18
8589,8142,2020-12-15 06:41:57,Art gallery manager,3.56,77.04,2.12
8590,8122,2021-09-26 00:00:48,Health service manager,10.03,73.19,0.49
8591,8631,2022-12-24 22:40:58,Pathologist,5.19,65.13,2.3
8592,8041,2020-05-08 20:08:53,Counsellor,11.6,94.82,1.87
8593,8102,2023-08-16 20:59:38,Ceramics designer,5.87,81.59,0.99
8594,8146,2023-07-27 13:09:14,"Pharmacist, hospital",7.72,93.63,0.34
8595,8710,2021-08-22 08:43:10,Fitness centre manager,11.27,80.51,1.55
8596,8422,2023-08-19 12:44:18,Equality and diversity officer,3.28,70.16,2.88
8597,8881,2022-03-13 09:21:00,Fast food restaurant manager,8.06,84.88,1.16
8598,8512,2020-01-19 13:39:45,Freight forwarder,2.8,86.54,0.77
8599,8637,2023-12-12 09:57:57,Midwife,5.75,83.77,2.45
8600,8157,2021-11-28 05:50:38,Geochemist,2.92,82.64,1.03
8601,8900,2021-05-06 23:14:44,Location manager,7.41,91.49,0.28
8602,8859,2020-12-27 02:10:42,"Engineer, manufacturing",9.32,92.08,0.48
8603,8276,2021-10-25 23:56:33,"Lighting technician, broadcasting/film/video",4.11,65.72,2.04
8604,8758,2024-06-03 10:10:56,Systems analyst,9.02,93.92,1.34
8605,8736,2022-10-06 14:17:56,Social worker,4.43,96.01,0.02
8606,8170,2022-02-03 07:42:45,Electronics engineer,2.45,71.5,0.78
8607,8939,2022-10-22 09:00:42,Chartered accountant,2.95,89.18,1.13
8608,8142,2021-02-12 02:28:16,Press sub,1.27,85.92,1.22
8609,8033,2023-03-16 08:07:36,Passenger transport manager,4.76,90.98,1.04
8610,8601,2021-03-01 17:49:49,Field trials officer,6.02,92.3,1.66
8611,8567,2022-06-04 10:46:13,Airline pilot,2.3,83.37,0.56
8612,8673,2024-08-24 17:21:19,Visual merchandiser,3.01,60.26,0.65
8613,8126,2024-02-13 10:10:39,English as a foreign language teacher,5.5,86.42,1.87
8614,8694,2024-01-24 04:29:44,Tour manager,2.57,65.61,1.67
8615,8293,2021-03-22 12:56:24,Educational psychologist,6.62,74.84,0.25
8616,8214,2020-10-21 15:40:04,Aid worker,2.12,83.71,2.21
8617,8628,2022-12-13 18:15:46,"Administrator, sports",1.4,76.59,0.31
8618,8187,2020-10-01 03:37:20,Building control surveyor,4.19,75.74,1.39
8619,8710,2024-01-10 11:21:55,Transport planner,8.71,95.61,1.92
8620,8482,2020-01-24 18:56:59,Biomedical scientist,10.22,72.87,0.69
8621,8659,2024-10-18 18:19:14,"Geologist, engineering",4.22,77.57,2.75
8622,8298,2020-07-04 13:08:19,Field trials officer,9.72,73.06,0.51
8623,8885,2023-06-13 17:26:00,Radio broadcast assistant,8.36,98.58,0.79
8624,8794,2024-05-28 09:04:33,Public librarian,6.5,73.71,0.54
8625,8938,2023-11-15 06:24:07,"Sound technician, broadcasting/film/video",7.75,69.55,1.42
8626,8791,2024-04-30 13:35:11,Adult nurse,6.86,61.6,1.43
8627,8979,2022-04-10 18:57:20,Printmaker,5.8,93.45,0.63
8628,8463,2023-05-07 07:22:44,Professor Emeritus,10.75,82.6,2.2
8629,8419,2021-06-04 09:35:28,Podiatrist,11.25,71.64,2.31
8630,8398,2020-04-12 07:18:28,"Buyer, retail",1.49,68.28,1.43
8631,8081,2024-08-13 09:42:00,Jewellery designer,5.36,70.9,1.96
8632,8716,2024-09-25 01:26:33,"Embryologist, clinical",2.24,98.09,0.94
8633,8026,2021-10-03 23:01:03,Publishing rights manager,6.39,95.94,1.17
8634,8022,2020-07-31 10:16:35,Public affairs consultant,2.52,61.59,1.9
8635,8422,2024-07-03 01:08:23,Human resources officer,8.96,67.01,2.73
8636,8987,2024-03-01 17:50:04,Paramedic,3.39,62.87,0.81
8637,8864,2020-11-29 00:54:23,Theatre director,5.29,83.98,2.52
8638,8820,2022-11-01 02:33:36,Special effects artist,5.22,85.14,0.99
8639,8083,2022-07-03 06:17:32,Science writer,10.91,88.33,1.24
8640,8187,2021-05-04 21:54:01,Ship broker,8.7,71.03,0.08
8641,8618,2024-06-24 08:26:31,"Surveyor, land/geomatics",4.8,94.73,0.13
8642,8783,2023-08-19 08:31:48,Information systems manager,3.28,91.75,0.49
8643,8336,2022-12-18 06:20:14,Banker,2.99,71.0,0.09
8644,8750,2024-05-06 23:24:36,"Psychologist, clinical",5.67,60.93,1.6
8645,8085,2020-04-30 15:08:26,"Nurse, mental health",1.89,94.02,2.9
8646,8434,2023-02-04 03:53:49,Retail banker,4.35,87.85,0.07
8647,8660,2023-08-12 03:39:55,"Therapist, sports",8.52,74.51,0.47
8648,8581,2021-01-03 00:07:30,"Scientist, clinical (histocompatibility and immunogenetics)",2.49,61.99,2.15
8649,8519,2020-09-01 01:49:34,Analytical chemist,9.99,88.72,2.48
8650,8207,2020-04-01 11:05:42,"Designer, industrial/product",3.98,97.43,2.95
8651,8699,2021-08-17 09:28:20,Clinical research associate,9.1,74.42,2.99
8652,8794,2023-07-21 02:05:50,Actuary,5.06,63.8,2.83
8653,8262,2024-01-11 18:35:35,"Engineer, structural",9.63,61.52,1.19
8654,8327,2020-05-07 09:22:48,"Horticulturist, amenity",10.16,77.79,2.4
8655,8018,2024-01-22 21:08:58,Orthoptist,8.11,91.94,0.82
8656,8825,2024-09-01 10:22:34,Engineering geologist,5.07,64.62,1.39
8657,8104,2020-06-08 16:06:28,Civil Service administrator,3.24,60.88,2.37
8658,8884,2022-03-05 16:10:03,"Engineer, communications",6.77,91.12,0.13
8659,8183,2021-09-08 08:21:58,Nutritional therapist,8.55,91.1,0.9
8660,8749,2024-01-30 11:22:38,Training and development officer,1.51,81.83,2.71
8661,8548,2022-09-17 14:22:45,"Scientist, research (life sciences)",9.88,87.76,2.01
8662,8140,2020-02-20 23:43:20,Tree surgeon,10.8,67.03,2.58
8663,8503,2021-01-30 18:19:13,Statistician,2.0,92.68,0.74
8664,8758,2020-08-24 08:27:36,Contracting civil engineer,10.79,86.35,1.72
8665,8388,2021-08-12 15:42:35,Applications developer,6.77,82.43,1.49
8666,8370,2021-07-31 17:23:00,Database administrator,7.94,97.69,0.43
8667,8761,2023-11-27 01:19:12,"Teacher, early years/pre",3.97,91.69,0.43
8668,8146,2024-05-05 22:59:13,"Production assistant, radio",10.74,67.99,2.02
8669,8422,2024-06-20 10:02:15,Metallurgist,2.82,90.84,1.68
8670,8622,2023-07-11 21:48:35,"Psychologist, prison and probation services",4.76,69.97,2.96
8671,8698,2020-02-25 21:26:00,Video editor,3.99,64.96,0.98
8672,8162,2020-02-18 05:12:08,Police officer,6.15,76.98,1.23
8673,8055,2022-03-28 23:12:27,Community education officer,4.27,75.96,1.08
8674,8246,2021-11-18 08:08:29,Health and safety adviser,5.6,69.73,0.33
8675,8634,2021-01-07 05:45:31,Homeopath,5.49,64.84,1.39
8676,8480,2023-09-27 02:16:35,"Therapist, music",2.56,70.17,1.08
8677,8663,2020-10-11 03:53:14,Archivist,6.06,63.3,1.41
8678,8657,2021-01-08 08:25:13,Retail buyer,4.78,94.14,2.88
8679,8363,2020-03-04 13:03:09,Adult guidance worker,4.09,87.9,1.5
8680,8785,2021-07-03 11:05:26,Outdoor activities/education manager,4.08,71.71,0.57
8681,8323,2021-03-15 21:21:37,Herpetologist,9.4,81.92,0.21
8682,8822,2020-04-25 03:47:32,Charity officer,11.87,83.07,0.26
8683,8222,2022-03-11 00:28:58,Press photographer,7.04,68.61,0.07
8684,8799,2024-06-17 06:35:21,Camera operator,1.03,64.01,2.36
8685,8905,2021-06-01 10:23:50,Barrister,1.25,85.15,2.2
8686,8313,2024-03-11 19:12:20,"Programmer, systems",3.67,84.48,0.09
8687,8281,2022-08-26 11:45:00,Automotive engineer,6.03,98.34,1.28
8688,8433,2022-05-25 17:21:44,Public librarian,1.71,75.42,1.48
8689,8117,2023-10-14 00:20:13,"Engineer, mining",5.17,98.64,2.4
8690,8478,2023-11-18 22:00:13,Records manager,4.15,87.13,0.19
8691,8610,2022-12-07 16:26:42,Legal secretary,5.01,83.86,2.25
8692,8654,2021-05-06 07:48:49,Medical sales representative,6.73,90.26,1.77
8693,8621,2024-05-28 04:42:55,Operational investment banker,8.28,92.99,0.23
8694,8943,2023-02-10 18:43:45,Health promotion specialist,7.3,76.9,0.98
8695,8010,2021-12-26 21:51:46,Ceramics designer,6.91,75.17,1.86
8696,8450,2023-11-04 12:00:48,"Lecturer, further education",11.58,65.81,2.3
8697,8119,2022-05-30 15:29:39,"Teacher, English as a foreign language",5.36,88.42,0.49
8698,8677,2020-12-30 03:18:10,Research scientist (medical),8.48,92.49,0.9
8699,8883,2021-09-27 02:21:33,Sales executive,10.4,76.36,2.16
8700,8799,2022-07-06 23:46:34,Licensed conveyancer,8.23,65.18,2.12
8701,8134,2021-06-13 23:56:54,"Designer, interior/spatial",8.37,85.49,1.34
8702,8501,2023-08-25 18:17:37,Historic buildings inspector/conservation officer,1.04,92.88,0.42
8703,8257,2021-10-27 10:39:48,"Surveyor, quantity",1.65,88.85,1.93
8704,8567,2020-03-13 22:11:31,"Conservation officer, nature",11.48,75.0,2.31
8705,8566,2023-03-30 16:58:53,Police officer,5.21,76.86,0.3
8706,8992,2023-11-30 06:02:05,"Optician, dispensing",8.5,90.39,2.42
8707,8505,2022-08-23 03:26:04,Publishing rights manager,7.33,90.22,2.14
8708,8728,2020-02-20 21:50:05,Ambulance person,1.36,66.95,0.9
8709,8264,2022-05-01 02:39:55,Textile designer,10.79,91.03,0.91
8710,8710,2023-09-05 04:08:45,"Designer, multimedia",3.17,65.28,2.59
8711,8164,2020-05-21 23:06:00,Lawyer,10.63,73.82,0.31
8712,8834,2021-03-31 13:40:42,Animal technologist,10.72,72.01,2.81
8713,8247,2020-02-29 02:20:28,"Teacher, special educational needs",2.35,63.64,1.44
8714,8571,2020-04-28 01:52:40,Visual merchandiser,2.25,70.33,2.09
8715,8730,2023-04-25 21:32:12,Statistician,2.85,71.73,2.72
8716,8467,2020-07-09 08:00:39,Records manager,1.08,97.21,2.08
8717,8626,2023-04-01 18:51:41,Environmental education officer,3.59,61.23,2.91
8718,8365,2021-09-23 07:22:17,Dramatherapist,3.12,70.89,2.89
8719,8299,2023-01-04 17:01:37,"Teacher, music",11.96,93.1,2.06
8720,8250,2023-07-26 12:07:43,Mental health nurse,11.58,86.58,2.22
8721,8054,2024-09-17 03:45:48,Risk analyst,3.68,70.63,1.46
8722,8928,2020-12-07 08:02:07,"Scientist, biomedical",1.38,63.79,1.73
8723,8272,2021-03-10 20:47:55,Amenity horticulturist,4.8,85.9,1.01
8724,8814,2021-04-04 05:28:19,Chief of Staff,1.23,60.67,2.81
8725,8223,2021-05-23 02:36:25,Mudlogger,6.69,92.31,2.35
8726,8714,2023-09-18 07:44:32,"Designer, jewellery",9.94,82.15,2.52
8727,8102,2020-09-07 16:00:38,Ambulance person,6.53,69.06,0.26
8728,8544,2021-02-28 19:44:53,Theatre stage manager,11.05,61.0,1.63
8729,8983,2020-10-15 13:19:21,Estate manager/land agent,6.67,94.28,0.91
8730,8857,2022-05-18 18:56:20,"Editor, commissioning",1.92,66.29,0.36
8731,8178,2020-01-28 09:22:29,Agricultural consultant,4.27,91.07,1.52
8732,8961,2021-02-24 12:22:43,Orthoptist,11.1,82.95,0.68
8733,8051,2020-02-16 04:37:46,Printmaker,3.6,62.33,2.15
8734,8816,2020-01-21 02:23:46,TEFL teacher,8.06,62.76,1.49
8735,8293,2024-10-17 19:45:54,"Surveyor, land/geomatics",4.22,88.82,1.86
8736,8874,2021-02-22 04:59:03,"Teacher, English as a foreign language",6.0,68.16,1.54
8737,8122,2021-06-18 09:01:47,Geophysicist/field seismologist,7.19,92.56,1.16
8738,8949,2020-08-23 19:12:10,Air broker,3.31,68.08,2.34
8739,8836,2021-10-11 00:00:24,Merchant navy officer,7.41,84.76,0.76
8740,8932,2021-08-03 14:47:16,Art gallery manager,8.84,77.94,0.48
8741,8761,2022-12-18 14:32:11,Control and instrumentation engineer,6.59,97.76,0.93
8742,8869,2021-06-05 03:53:19,Radio broadcast assistant,10.93,75.72,0.18
8743,8970,2024-01-31 07:56:34,Trade mark attorney,5.05,78.37,1.76
8744,8143,2021-09-25 06:33:45,Cytogeneticist,10.82,77.59,0.39
8745,8253,2024-03-29 15:28:32,Colour technologist,4.82,90.49,1.38
8746,8218,2024-01-30 19:39:24,Retail buyer,3.86,75.3,0.15
8747,8840,2021-09-14 19:59:29,Media planner,10.4,85.17,2.59
8748,8476,2020-09-25 21:40:32,Geophysicist/field seismologist,6.47,76.39,2.48
8749,8729,2022-08-07 18:50:00,Land,5.95,91.22,1.81
8750,8615,2021-12-21 13:32:25,Naval architect,9.86,70.6,0.23
8751,8239,2021-08-27 15:00:09,"Therapist, art",5.77,96.58,1.83
8752,8068,2024-02-04 20:32:12,Industrial/product designer,6.95,83.68,0.02
8753,8766,2020-12-10 12:17:26,Copy,5.28,67.99,2.29
8754,8517,2024-04-05 16:15:01,"Engineer, drilling",10.61,95.31,2.46
8755,8729,2020-03-18 11:46:13,"Librarian, academic",8.06,87.22,2.04
8756,8631,2022-11-26 20:14:37,Human resources officer,10.53,95.81,0.84
8757,8881,2023-09-25 04:31:44,Archaeologist,3.8,90.93,1.96
8758,8236,2024-01-10 01:27:01,Environmental health practitioner,8.65,61.03,0.65
8759,8364,2023-07-26 07:34:30,"Social research officer, government",8.69,73.3,2.12
8760,8479,2020-09-03 12:15:36,Exhibition designer,1.85,85.03,1.57
8761,8311,2021-05-10 04:28:34,"Administrator, local government",7.68,66.14,0.6
8762,8874,2021-08-26 03:05:12,Writer,1.8,61.6,0.44
8763,8190,2024-05-03 02:35:28,"Exhibitions officer, museum/gallery",3.34,63.72,1.64
8764,8630,2020-10-11 12:26:48,"Scientist, biomedical",1.09,70.22,1.31
8765,8556,2022-08-26 14:41:47,Comptroller,5.96,83.25,2.69
8766,8048,2021-08-20 18:45:05,"Administrator, charities/voluntary organisations",6.29,84.28,0.4
8767,8554,2020-05-08 02:00:52,Theatre stage manager,1.45,64.07,2.06
8768,8860,2023-05-03 12:23:38,Personal assistant,6.93,93.94,1.97
8769,8151,2023-07-31 05:55:35,International aid/development worker,5.05,88.98,2.58
8770,8632,2023-01-23 07:10:22,Biomedical scientist,6.38,87.91,2.62
8771,8227,2020-09-11 14:24:23,Further education lecturer,5.19,81.76,1.66
8772,8223,2024-04-16 00:59:17,Gaffer,6.4,90.54,1.63
8773,8478,2023-04-05 00:01:37,"Librarian, academic",2.59,90.59,0.4
8774,8197,2023-01-30 09:38:15,Chiropractor,6.91,83.96,1.98
8775,8708,2024-01-31 10:35:49,Phytotherapist,6.7,88.93,0.74
8776,8425,2020-08-04 07:47:06,Chartered legal executive (England and Wales),11.95,88.91,2.76
8777,8143,2024-02-08 08:04:39,"Surveyor, rural practice",6.98,62.59,0.07
8778,8351,2024-01-24 17:44:13,Oncologist,10.35,90.7,1.77
8779,8040,2022-04-21 18:05:20,Waste management officer,2.34,66.99,1.46
8780,8697,2022-03-08 04:20:40,Sports coach,10.14,65.18,0.11
8781,8890,2021-01-05 20:49:45,Dispensing optician,1.57,67.57,1.01
8782,8112,2022-10-11 05:08:07,Armed forces technical officer,9.99,64.51,1.03
8783,8913,2024-10-23 01:00:18,Psychiatrist,4.9,86.99,2.02
8784,8031,2021-07-11 07:51:09,Armed forces technical officer,9.35,70.87,1.72
8785,8669,2022-11-14 00:22:06,IT consultant,8.08,73.12,0.95
8786,8442,2021-09-10 00:17:22,Clinical biochemist,3.54,78.03,0.69
8787,8572,2023-04-07 19:23:51,Medical secretary,2.51,80.15,1.37
8788,8415,2022-07-08 05:26:16,"Administrator, local government",9.39,65.5,1.71
8789,8830,2024-07-25 11:06:34,Ceramics designer,2.82,81.1,2.85
8790,8259,2021-01-06 03:33:05,Trading standards officer,1.22,73.58,1.28
8791,8044,2021-05-04 05:48:31,Geophysical data processor,1.0,91.92,0.76
8792,8600,2022-04-15 13:00:49,"Lighting technician, broadcasting/film/video",7.29,63.24,2.77
8793,8467,2021-07-08 00:49:31,Paramedic,10.45,77.84,2.68
8794,8703,2023-07-20 03:18:45,"Engineer, technical sales",3.86,69.28,1.96
8795,8224,2024-02-27 20:23:44,"Scientist, physiological",1.98,76.5,2.92
8796,8632,2021-09-21 03:28:04,Community development worker,4.14,96.84,1.76
8797,8300,2022-05-03 01:47:19,Rural practice surveyor,8.95,79.53,2.38
8798,8990,2023-04-09 02:12:39,Surgeon,1.73,74.1,1.53
8799,8359,2021-02-20 15:15:21,"Production assistant, radio",1.25,81.32,1.48
8800,8964,2024-08-18 21:01:46,Midwife,6.7,70.86,2.17
8801,8399,2021-09-01 19:10:48,"Editor, commissioning",3.11,80.06,2.64
8802,8234,2023-05-01 23:26:34,Higher education lecturer,8.12,77.19,1.3
8803,8751,2022-04-03 13:21:44,Futures trader,5.99,61.39,2.99
8804,8225,2022-03-31 19:45:40,"Buyer, industrial",7.25,97.57,1.57
8805,8123,2022-09-15 13:34:28,Tax adviser,11.96,61.79,2.21
8806,8952,2021-02-28 06:21:27,Publishing rights manager,8.89,69.88,1.32
8807,8909,2023-01-15 15:55:48,Passenger transport manager,3.29,63.66,1.54
8808,8905,2021-02-19 13:03:26,"Programmer, systems",11.87,86.76,0.86
8809,8524,2021-01-04 08:47:14,"Therapist, nutritional",9.09,83.87,2.91
8810,8553,2024-11-02 10:12:03,Sales executive,8.15,81.47,1.98
8811,8137,2022-02-25 17:46:51,Charity officer,2.78,92.08,0.32
8812,8055,2020-01-16 04:12:21,Child psychotherapist,2.61,78.17,2.4
8813,8412,2021-10-10 14:55:17,Mudlogger,6.49,87.81,1.5
8814,8325,2020-08-29 19:47:14,Theatre manager,11.34,75.52,1.31
8815,8621,2024-02-12 10:01:13,Land,8.0,75.6,0.72
8816,8369,2022-12-08 18:26:33,"Engineer, civil (consulting)",9.61,71.09,0.88
8817,8597,2022-04-14 02:25:50,Immunologist,3.88,67.62,2.36
8818,8344,2023-06-08 15:13:03,"Programmer, systems",9.35,95.97,1.95
8819,8086,2022-02-21 05:41:55,Soil scientist,8.29,98.79,1.34
8820,8771,2023-08-17 01:47:00,"Runner, broadcasting/film/video",6.23,93.44,0.56
8821,8477,2023-06-07 21:33:56,Chief Operating Officer,1.39,93.11,2.45
8822,8649,2020-10-17 21:59:25,Housing manager/officer,5.02,71.19,2.19
8823,8298,2020-04-02 15:05:28,Exhibition designer,5.59,65.28,0.53
8824,8951,2021-11-23 11:07:40,"Radiographer, therapeutic",10.04,91.31,0.17
8825,8856,2024-06-17 19:18:20,Best boy,2.75,96.34,1.33
8826,8543,2023-10-02 19:01:13,"Lecturer, higher education",1.11,99.34,2.29
8827,8211,2022-02-12 16:52:49,Seismic interpreter,2.61,92.55,2.42
8828,8356,2020-11-13 11:08:37,"Runner, broadcasting/film/video",3.08,81.17,0.82
8829,8840,2021-06-10 05:04:19,"Scientist, audiological",10.86,71.66,1.94
8830,8099,2024-10-06 05:47:07,Personnel officer,11.17,90.94,0.59
8831,8438,2023-01-12 17:18:16,Psychiatrist,1.54,96.28,1.9
8832,8882,2020-11-23 19:45:42,Psychiatrist,5.13,64.98,1.26
8833,8619,2023-09-07 01:32:57,Professor Emeritus,11.91,86.48,2.94
8834,8087,2022-03-19 06:00:20,Clinical psychologist,1.68,79.05,0.54
8835,8683,2023-05-06 22:32:34,"Engineer, land",5.95,68.46,0.12
8836,8698,2020-07-25 09:47:07,"Nurse, children's",4.79,68.03,2.91
8837,8195,2021-08-25 05:55:29,"Research officer, government",9.71,63.08,0.75
8838,8045,2021-04-13 21:43:05,Games developer,6.0,77.48,0.44
8839,8979,2020-10-07 10:31:55,Probation officer,7.32,96.39,2.11
8840,8019,2020-08-28 14:25:46,Quantity surveyor,6.28,64.15,1.49
8841,8651,2021-10-28 05:39:37,Land/geomatics surveyor,8.29,94.49,2.54
8842,8349,2024-06-30 21:42:52,"Pilot, airline",1.93,75.85,1.06
8843,8659,2022-04-16 06:44:06,Plant breeder/geneticist,7.06,90.99,1.54
8844,8775,2022-04-22 16:00:47,Occupational therapist,2.02,89.33,1.29
8845,8831,2023-03-20 20:46:48,Radio producer,7.27,82.89,1.54
8846,8003,2020-07-23 07:14:57,Equities trader,8.04,76.49,0.35
8847,8403,2023-03-05 10:46:29,"Surveyor, mining",6.17,65.37,2.26
8848,8633,2021-01-07 09:32:28,Tourism officer,5.97,78.29,1.78
8849,8545,2021-04-20 12:49:31,Television/film/video producer,6.77,86.76,0.76
8850,8510,2020-07-19 00:07:50,"Administrator, local government",3.82,82.89,0.5
8851,8594,2021-01-10 10:09:46,Lobbyist,9.87,86.65,1.49
8852,8483,2020-09-14 05:30:24,Amenity horticulturist,11.47,97.95,1.77
8853,8784,2023-08-20 09:09:56,"Accountant, chartered management",4.72,78.52,1.82
8854,8528,2021-12-18 15:40:17,Newspaper journalist,10.99,99.86,1.04
8855,8916,2024-09-18 09:42:35,Art gallery manager,6.86,77.69,2.1
8856,8794,2020-10-31 21:37:13,Arts development officer,5.78,82.69,0.46
8857,8555,2023-09-21 13:22:43,"Designer, furniture",4.85,76.27,2.12
8858,8104,2022-02-25 17:45:35,Translator,3.85,67.27,0.53
8859,8639,2024-08-12 21:37:14,Chief Technology Officer,7.57,83.37,1.83
8860,8094,2023-09-26 11:27:04,Public house manager,11.82,92.69,0.78
8861,8244,2021-05-17 16:09:40,Brewing technologist,1.63,72.36,2.8
8862,8373,2023-11-17 13:20:44,Technical brewer,7.59,70.74,1.96
8863,8717,2022-03-05 10:49:30,Armed forces technical officer,11.71,65.74,2.95
8864,8725,2020-11-08 07:14:39,"Librarian, public",10.54,95.36,2.76
8865,8797,2022-11-28 03:25:05,Communications engineer,9.43,90.32,1.8
8866,8564,2022-05-12 09:19:31,Government social research officer,5.58,66.25,2.36
8867,8409,2023-01-23 09:43:19,Automotive engineer,3.28,60.94,2.91
8868,8658,2024-06-08 00:43:42,"Engineer, energy",2.48,76.43,1.11
8869,8808,2021-02-01 06:36:01,Drilling engineer,3.74,93.99,2.04
8870,8034,2024-06-10 18:44:27,"Geologist, wellsite",10.16,74.77,0.37
8871,8525,2024-10-07 08:44:17,"Buyer, industrial",8.45,92.94,1.9
8872,8928,2021-10-01 07:09:19,Estate manager/land agent,6.78,74.34,0.77
8873,8458,2020-02-06 17:50:13,"Designer, ceramics/pottery",9.7,60.33,0.77
8874,8354,2023-02-27 15:34:28,Equality and diversity officer,4.01,68.91,1.71
8875,8547,2020-10-28 14:43:57,Systems developer,9.26,68.68,1.88
8876,8272,2023-03-26 19:03:05,Office manager,4.44,94.67,0.56
8877,8705,2021-05-19 22:23:37,Sport and exercise psychologist,1.82,80.46,1.35
8878,8550,2020-05-14 02:04:43,Software engineer,7.48,88.01,2.27
8879,8197,2020-04-05 06:15:53,Fisheries officer,10.14,66.46,0.77
8880,8823,2024-06-07 03:41:26,Astronomer,11.3,68.93,1.49
8881,8703,2024-05-22 00:29:22,Chiropractor,2.41,91.22,0.19
8882,8246,2020-08-16 13:52:41,"Physicist, medical",5.06,73.15,0.3
8883,8912,2022-03-24 02:29:22,Colour technologist,11.6,71.27,0.69
8884,8592,2021-11-08 02:50:24,Optometrist,8.91,81.96,0.8
8885,8703,2022-10-24 10:35:07,Print production planner,8.95,70.8,0.62
8886,8589,2021-09-26 23:41:04,Waste management officer,7.57,88.9,1.16
8887,8999,2024-07-30 09:40:59,Equality and diversity officer,1.38,84.31,0.83
8888,8413,2020-04-27 22:03:19,Ergonomist,2.01,66.27,1.92
8889,8993,2022-04-30 18:59:18,Facilities manager,9.77,77.53,0.13
8890,8561,2023-03-12 13:45:09,Accommodation manager,2.74,72.3,2.59
8891,8482,2021-09-21 15:53:39,Print production planner,8.18,78.37,1.31
8892,8907,2024-01-12 22:28:41,Brewing technologist,3.65,72.0,1.37
8893,8910,2023-12-01 04:27:50,"Conservator, museum/gallery",2.8,88.56,1.18
8894,8092,2020-12-04 14:07:32,Editorial assistant,6.35,95.07,2.71
8895,8541,2021-07-30 14:12:21,"Engineer, chemical",1.21,91.93,0.12
8896,8359,2023-10-06 19:30:54,Psychotherapist,1.34,72.65,2.42
8897,8453,2023-04-20 11:05:38,Operational investment banker,10.45,91.98,1.2
8898,8100,2021-01-04 00:21:49,Social researcher,10.72,73.11,1.98
8899,8446,2020-12-21 07:33:27,"Designer, exhibition/display",2.03,78.96,0.92
8900,8118,2024-05-06 09:00:36,"Education officer, community",9.21,72.11,0.83
8901,8955,2024-08-16 00:24:00,Community arts worker,4.17,99.89,1.34
8902,8952,2022-01-04 12:31:24,Optometrist,10.21,74.02,0.39
8903,8194,2022-08-14 20:35:15,Health and safety inspector,9.65,99.33,2.75
8904,8034,2024-07-02 10:19:35,"Surveyor, hydrographic",1.6,82.62,1.94
8905,8084,2024-02-19 12:06:15,"Surveyor, building",6.41,64.77,0.43
8906,8157,2021-10-17 17:43:59,Architect,1.36,60.49,1.28
8907,8341,2020-07-11 13:27:23,Broadcast engineer,11.64,63.66,2.19
8908,8486,2023-12-08 18:59:26,"Radiographer, diagnostic",2.85,95.61,2.86
8909,8358,2021-03-13 15:30:05,Mining engineer,8.51,68.37,0.1
8910,8810,2022-06-09 12:04:18,Biomedical scientist,2.81,60.45,2.97
8911,8300,2021-02-15 06:33:55,Dance movement psychotherapist,7.22,86.43,1.05
8912,8746,2020-10-09 08:52:07,Corporate treasurer,2.79,97.06,1.79
8913,8591,2020-02-27 20:38:29,"Librarian, academic",5.16,94.55,0.83
8914,8472,2021-06-25 04:51:10,Publishing rights manager,3.19,80.52,0.51
8915,8703,2022-07-01 00:32:10,Field seismologist,10.05,87.49,1.04
8916,8320,2023-02-09 00:55:52,"Designer, multimedia",10.56,61.8,1.1
8917,8351,2024-03-16 01:04:51,Commercial/residential surveyor,4.09,80.26,2.29
8918,8777,2022-10-10 10:58:59,Building control surveyor,10.46,70.96,0.07
8919,8581,2024-02-26 01:13:56,Farm manager,7.39,94.9,1.0
8920,8823,2021-06-29 18:25:23,Higher education lecturer,7.17,99.48,1.56
8921,8334,2023-02-11 23:17:37,"Radiographer, therapeutic",1.09,76.39,2.85
8922,8698,2022-01-28 02:31:05,"Buyer, industrial",3.74,70.37,0.37
8923,8754,2023-11-13 07:39:21,Field trials officer,4.18,99.73,2.6
8924,8153,2021-03-07 11:26:52,Energy engineer,7.52,85.37,1.41
8925,8563,2022-07-14 04:58:47,Chartered loss adjuster,10.24,89.96,1.43
8926,8806,2020-01-06 17:33:57,Speech and language therapist,4.77,63.53,1.64
8927,8436,2020-12-03 07:23:26,Passenger transport manager,5.4,62.01,1.75
8928,8817,2021-10-20 15:15:41,Multimedia programmer,9.53,74.21,1.27
8929,8372,2020-12-17 16:38:00,Stage manager,6.14,98.63,0.75
8930,8640,2022-04-17 12:51:03,Special educational needs teacher,7.85,84.52,1.47
8931,8837,2024-10-12 06:23:49,Passenger transport manager,1.17,94.42,1.35
8932,8375,2020-10-07 12:15:02,Commercial art gallery manager,10.73,91.76,0.07
8933,8395,2022-04-02 22:35:00,Neurosurgeon,3.56,87.69,0.9
8934,8481,2022-12-31 16:23:44,Hotel manager,8.23,75.21,2.62
8935,8691,2024-05-04 08:16:40,Trading standards officer,7.15,96.48,0.67
8936,8987,2021-09-30 15:26:31,Drilling engineer,9.35,62.95,2.28
8937,8846,2024-03-17 16:25:47,Press sub,4.76,87.31,0.17
8938,8477,2020-01-26 10:12:43,"Engineer, site",2.27,70.51,2.7
8939,8390,2023-04-01 01:03:01,"Scientist, research (life sciences)",8.16,74.77,2.69
8940,8497,2024-10-22 20:09:01,English as a second language teacher,11.54,70.29,1.55
8941,8997,2023-04-09 04:53:26,Mudlogger,2.04,94.79,0.09
8942,8768,2024-09-30 18:27:45,Sports development officer,10.73,64.14,0.65
8943,8418,2021-03-21 17:38:11,"Administrator, charities/voluntary organisations",5.32,91.97,1.48
8944,8273,2022-05-31 22:46:08,Chartered accountant,7.51,97.95,2.7
8945,8385,2021-10-30 16:35:22,Best boy,1.35,84.39,2.27
8946,8780,2023-06-25 03:54:41,Psychotherapist,8.74,72.6,0.56
8947,8026,2022-06-13 13:45:46,Estate manager/land agent,4.87,85.57,1.2
8948,8899,2020-12-11 20:31:02,Health service manager,9.76,63.63,1.42
8949,8429,2024-06-09 04:35:18,Theatre director,10.45,84.08,1.47
8950,8463,2020-09-28 12:24:38,Health service manager,9.36,93.48,1.15
8951,8531,2023-02-26 09:16:41,Dramatherapist,6.01,99.06,0.07
8952,8615,2021-01-03 07:38:54,Water engineer,1.7,77.84,2.82
8953,8710,2024-10-08 01:42:09,Television camera operator,10.87,79.09,2.49
8954,8740,2020-05-05 17:30:39,Secondary school teacher,2.86,92.14,1.98
8955,8499,2023-03-11 08:53:14,Barista,2.43,63.97,0.84
8956,8316,2022-05-13 16:04:20,"Conservation officer, historic buildings",1.23,75.93,1.72
8957,8236,2023-11-14 10:34:59,Chief Technology Officer,4.66,97.5,1.62
8958,8555,2021-07-28 17:08:27,"Surveyor, hydrographic",11.53,61.02,2.86
8959,8129,2023-12-31 08:43:12,Personal assistant,8.18,68.43,2.09
8960,8258,2021-02-19 13:06:53,Careers information officer,10.21,69.98,0.0
8961,8131,2022-06-18 05:40:04,"Engineer, structural",4.06,67.3,0.64
8962,8891,2020-11-11 06:24:40,Chief Executive Officer,5.93,67.5,1.45
8963,8503,2023-09-02 10:42:17,Chartered accountant,8.04,66.16,2.74
8964,8726,2024-07-22 04:23:20,Multimedia specialist,11.28,61.82,1.09
8965,8240,2023-09-03 06:33:38,"Scientist, marine",10.97,62.73,2.21
8966,8379,2024-05-07 05:13:01,"Programme researcher, broadcasting/film/video",6.62,70.39,1.58
8967,8326,2020-02-08 18:22:31,IT consultant,11.62,74.48,0.16
8968,8680,2023-10-28 08:01:34,Town planner,10.72,87.63,1.85
8969,8958,2023-07-17 15:58:34,Clinical molecular geneticist,5.81,89.03,2.4
8970,8367,2020-08-14 02:40:03,Cartographer,4.6,62.05,2.05
8971,8508,2024-03-31 11:44:25,English as a second language teacher,11.67,88.61,2.15
8972,8988,2023-06-14 18:55:42,Community education officer,8.27,86.17,2.44
8973,8473,2021-07-28 06:28:31,Hospital pharmacist,5.79,60.46,0.79
8974,8659,2021-05-31 21:07:55,"Psychologist, occupational",11.98,82.54,1.44
8975,8467,2021-08-21 20:58:59,"Surveyor, quantity",7.85,65.75,0.49
8976,9000,2020-04-13 14:40:45,Merchant navy officer,6.57,72.89,0.84
8977,8750,2023-11-17 18:27:52,"Scientist, research (physical sciences)",9.7,86.69,2.07
8978,8393,2021-11-23 15:15:13,"Therapist, art",3.65,82.2,1.52
8979,8354,2024-02-20 05:04:51,Cabin crew,4.17,70.17,2.51
8980,8433,2023-03-20 23:38:24,"Programmer, multimedia",1.07,82.59,1.87
8981,8579,2022-04-05 10:12:27,"Accountant, chartered",11.38,63.92,0.17
8982,8470,2022-11-26 20:35:01,Occupational therapist,10.28,97.92,1.89
8983,8793,2020-08-08 23:12:52,Proofreader,8.3,73.83,2.89
8984,8650,2020-11-23 12:40:00,"Engineer, civil (consulting)",3.22,98.09,2.49
8985,8029,2020-06-12 06:34:10,Hydrographic surveyor,11.12,87.78,2.97
8986,8401,2023-03-30 15:36:03,Editorial assistant,3.37,81.94,2.14
8987,8511,2022-02-17 06:22:58,Records manager,8.07,88.49,0.45
8988,8302,2024-08-02 04:50:47,Fisheries officer,2.98,88.95,0.92
8989,8939,2021-02-13 14:03:11,Animal technologist,8.6,68.81,0.58
8990,8240,2024-08-05 21:01:57,Financial controller,1.48,85.71,2.77
8991,8350,2020-02-16 07:15:54,"Designer, multimedia",6.46,72.64,2.78
8992,8956,2022-03-28 13:35:54,Health and safety adviser,6.33,67.68,1.57
8993,8074,2022-02-05 04:32:50,Orthoptist,7.78,72.09,1.73
8994,8135,2024-09-01 06:37:28,"Doctor, hospital",4.4,71.09,2.65
8995,8064,2021-08-05 22:22:56,"Research officer, trade union",4.7,97.9,0.61
8996,8337,2022-12-10 08:27:31,Armed forces operational officer,6.63,70.07,0.98
8997,8042,2023-08-29 21:49:47,Human resources officer,5.18,84.45,0.64
8998,8765,2022-07-12 15:25:54,International aid/development worker,8.6,75.82,2.27
8999,8632,2020-04-01 07:14:09,"Scientist, biomedical",10.11,97.36,0.23
9000,8076,2023-10-28 11:41:21,Physiological scientist,3.29,69.08,2.23
